etape_num,etape_nom,hub_id,fondamental_num,fondamental_id,titre,slug_wp,chemin_canonique,url_canonique,nom_fichier,exclure_wiki
1,Construire une culture generale solide,2026-413,0,2026-413,Hub etape 1,etape-1-construire-une-culture-generale-solide,05_Sentier/Etape_01_Culture_generale,,,manquant
1,Construire une culture generale solide,2026-413,1,2026-212,Qu'est-ce que la culture generale et pourquoi est-elle essentielle ?,quest-ce-que-la-culture-generale-et-pourquoi-est-elle-essentielle,02_Fonds/Culture,https://le-phare.info/quest-ce-que-la-culture-generale-et-pourquoi-est-elle-essentielle/,2026-212_FOND_CULTURE_Quest-ce-que-la-culture-gnrale-et-pourquoi-est-elle-essentielle_V1.md,non
1,Construire une culture generale solide,2026-413,2,2026-211,Les grandes periodes de l'histoire du monde,les-grandes-periodes-de-lhistoire-du-monde,02_Fonds/Culture,https://le-phare.info/les-grandes-periodes-de-lhistoire-du-monde/,2026-211_FOND_CULTURE_Les-grandes-priodes-de-lhistoire-du-monde_V1.md,non
1,Construire une culture generale solide,2026-413,3,2026-210,Les revolutions scientifiques majeures,les-revolutions-scientifiques-majeures,02_Fonds/Culture,https://le-phare.info/les-revolutions-scientifiques-majeures/,2026-210_FOND_CULTURE_Les-rvolutions-scientifiques-majeures_V1.md,non
1,Construire une culture generale solide,2026-413,4,2026-209,Les grands courants philosophiques,les-grands-courants-philosophiques,02_Fonds/Culture,https://le-phare.info/les-grands-courants-philosophiques/,2026-209_FOND_CULTURE_Les-grands-courants-philosophiques_V1.md,non
1,Construire une culture generale solide,2026-413,5,2026-208,Religions et visions du monde,religions-et-visions-du-monde,02_Fonds/Culture,https://le-phare.info/religions-et-visions-du-monde/,2026-208_FOND_CULTURE_Religions-et-visions-du-monde_V1.md,non
1,Construire une culture generale solide,2026-413,6,2026-207,Economie pour non-economistes,economie-pour-non-economistes,02_Fonds/Economie_Finance,https://le-phare.info/economie-pour-non-economistes/,2026-207_FOND_CULTURE_conomie-pour-non-conomistes_V1.md,non
1,Construire une culture generale solide,2026-413,7,2026-206,Arts et litterature : pourquoi ils faconnent la pensee,arts-et-litterature-pourquoi-ils-faconnent-la-pensee,02_Fonds/Culture,https://le-phare.info/arts-et-litterature-pourquoi-ils-faconnent-la-pensee/,2026-206_FOND_CULTURE_Arts-et-littrature-pourquoi-ils-faonnent-la-pense_V1.md,non
1,Construire une culture generale solide,2026-413,8,2026-205,Comment lire un classique efficacement,lire-pour-penser-autrement,02_Fonds/Culture,https://le-phare.info/lire-pour-penser-autrement/,2026-205_FOND_CULTURE_Lire-pour-penser-autrement_V1.md,non
1,Construire une culture generale solide,2026-413,9,2026-203,Penser en transversalite : relier les disciplines,relier-les-savoirs-lart-de-la-transversalite,02_Fonds/Culture,https://le-phare.info/relier-les-savoirs-lart-de-la-transversalite/,2026-203_FOND_CULTURE_Relier-les-savoirs-lart-de-la-transversalit_V1.md,non
1,Construire une culture generale solide,2026-413,10,2026-220,Savoir opinion croyance : ne pas confondre,ia-philosophie-comment-distinguer-connaissance-opinion-et-verite,02_Fonds/Technologie_IA,https://le-phare.info/ia-philosophie-comment-distinguer-connaissance-opinion-et-verite/,2026-220_FOND_CULTURE_IA-038-Philosophie-Comment-distinguer-connaissance-opinion-et-vrit_V1.md,non
2,Maitriser la pensee critique et l'analyse,2026-059,0,2026-059,Hub etape 2,etape-2-maitriser-la-pensee-critique-et-lanalyse,05_Sentier/Critique_Analyse,https://le-phare.info/etape-2-maitriser-la-pensee-critique-et-lanalyse/,2026-059_SENTIER_CULTURE_Critique-et-lanalyse_V1.md,non
2,Maitriser la pensee critique et l'analyse,2026-059,1,2026-202,Qu'est-ce que la pensee critique ?,quest-ce-que-la-pensee-critique,05_Sentier/Critique_Analyse,https://le-phare.info/quest-ce-que-la-pensee-critique/,2026-202_SENTIER_CULTURE_Quest-ce-que-la-pense-critique_V1.md,non
2,Maitriser la pensee critique et l'analyse,2026-059,2,2026-201,Faits opinions croyances,faits-opinions-croyances-apprendre-a-distinguer,05_Sentier/Critique_Analyse,https://le-phare.info/faits-opinions-croyances-apprendre-a-distinguer/,2026-201_SENTIER_CULTURE_Faits-opinions-croyances-apprendre-distinguer_V1.md,non
2,Maitriser la pensee critique et l'analyse,2026-059,3,2026-200,Les biais cognitifs,les-biais-cognitifs-quand-notre-cerveau-nous-trompe,05_Sentier/Critique_Analyse,https://le-phare.info/les-biais-cognitifs-quand-notre-cerveau-nous-trompe/,2026-200_SENTIER_CULTURE_Les-biais-cognitifs-quand-notre-cerveau-nous-trompe_V1.md,non
2,Maitriser la pensee critique et l'analyse,2026-059,4,2026-199,Sophismes et manipulations rhetoriques,les-sophismes-et-manipulations-rhetoriques,05_Sentier/Critique_Analyse,https://le-phare.info/les-sophismes-et-manipulations-rhetoriques/,2026-199_SENTIER_CULTURE_Les-sophismes-et-manipulations-rhtoriques_V1.md,non
2,Maitriser la pensee critique et l'analyse,2026-059,5,2026-198,Lire une source avec discernement,lire-une-source-avec-discernement,05_Sentier/Critique_Analyse,https://le-phare.info/lire-une-source-avec-discernement/,2026-198_SENTIER_CULTURE_Lire-une-source-avec-discernement_V1.md,non
2,Maitriser la pensee critique et l'analyse,2026-059,6,2026-197,Methodes d'analyse des arguments,methodes-danalyse-des-arguments,05_Sentier/Critique_Analyse,https://le-phare.info/methodes-danalyse-des-arguments/,2026-197_SENTIER_CULTURE_Mthodes-danalyse-des-arguments_V1.md,non
2,Maitriser la pensee critique et l'analyse,2026-059,7,2026-196,Esprit critique et sciences,esprit-critique-et-sciences,05_Sentier/Critique_Analyse,https://le-phare.info/esprit-critique-et-sciences/,2026-196_SENTIER_CULTURE_Esprit-critique-et-sciences_V1.md,non
2,Maitriser la pensee critique et l'analyse,2026-059,8,2026-195,Les limites de la pensee critique,les-limites-de-la-pensee-critique-relativisme-complotisme-et-exces-de-doute,05_Sentier/Critique_Analyse,https://le-phare.info/les-limites-de-la-pensee-critique-relativisme-complotisme-et-exces-de-doute/,2026-195_SENTIER_CULTURE_Les-limites-de-la-pense-critique-relativisme-complotisme-et-excs-de-do_V1.md,non
2,Maitriser la pensee critique et l'analyse,2026-059,9,2026-194,La pensee critique en action,la-pensee-critique-en-action-decryptage-de-lactualite-des-discours-et-des-pubs,05_Sentier/Critique_Analyse,https://le-phare.info/la-pensee-critique-en-action-decryptage-de-lactualite-des-discours-et-des-pubs/,2026-194_SENTIER_CULTURE_La-pense-critique-en-action-dcryptage-de-lactualit-des-discours-et-des_V1.md,non
2,Maitriser la pensee critique et l'analyse,2026-059,10,2026-193,Developper l'art du debat constructif,developper-lart-du-debat-constructif,05_Sentier/Critique_Analyse,https://le-phare.info/developper-lart-du-debat-constructif/,2026-193_SENTIER_CULTURE_Dvelopper-lart-du-dbat-constructif_V1.md,non
3,Apprendre a argumenter et a convaincre,2026-060,0,2026-060,Hub etape 3,etape-3-approfondir-un-ou-plusieurs-domaines-dexpertise,02_Fonds/Culture,https://le-phare.info/etape-3-approfondir-un-ou-plusieurs-domaines-dexpertise/,2026-060_FOND_CULTURE_Argumentation_V1.md,non
3,Apprendre a argumenter et a convaincre,2026-060,1,2026-191,Les fondements de la rhetorique,les-fondements-de-la-rhetorique,02_Fonds/Culture,https://le-phare.info/les-fondements-de-la-rhetorique/,2026-191_FOND_CULTURE_Les-fondements-de-la-rhtorique_V1.md,non
3,Apprendre a argumenter et a convaincre,2026-060,2,2026-190,Construire un argument solide,construire-un-argument-solide,02_Fonds/Culture,https://le-phare.info/construire-un-argument-solide/,2026-190_FOND_CULTURE_Construire-un-argument-solide_V1.md,non
3,Apprendre a argumenter et a convaincre,2026-060,3,2026-189,Les techniques de persuasion,les-techniques-de-persuasion,02_Fonds/Technologie_IA,https://le-phare.info/les-techniques-de-persuasion/,2026-189_FOND_CULTURE_Les-techniques-de-persuasion_V1.md,non
3,Apprendre a argumenter et a convaincre,2026-060,4,2026-188,Reperer et eviter les sophismes,reperer-et-eviter-les-sophismes,02_Fonds/Culture,https://le-phare.info/reperer-et-eviter-les-sophismes/,2026-188_FOND_CULTURE_Reprer-et-viter-les-sophismes_V1.md,non
3,Apprendre a argumenter et a convaincre,2026-060,5,2026-187,Structurer un discours efficace,structurer-un-discours-efficace,02_Fonds/Culture,https://le-phare.info/structurer-un-discours-efficace/,2026-187_FOND_CULTURE_Structurer-un-discours-efficace_V1.md,non
3,Apprendre a argumenter et a convaincre,2026-060,6,2026-186,L'art de raconter (storytelling critique),lart-de-raconter-storytelling-critique,02_Fonds/Culture,https://le-phare.info/lart-de-raconter-storytelling-critique/,2026-186_FOND_CULTURE_Lart-de-raconter-storytelling-critique_V1.md,non
3,Apprendre a argumenter et a convaincre,2026-060,7,2026-185,Convaincre sans manipuler,convaincre-sans-manipuler,02_Fonds/Culture,https://le-phare.info/convaincre-sans-manipuler/,2026-185_FOND_CULTURE_Convaincre-sans-manipuler_V1.md,non
3,Apprendre a argumenter et a convaincre,2026-060,8,2026-184,Developper sa presence a l'oral,developper-sa-presence-a-loral,02_Fonds/Culture,https://le-phare.info/developper-sa-presence-a-loral/,2026-184_FOND_CULTURE_Dvelopper-sa-prsence-loral_V1.md,non
3,Apprendre a argumenter et a convaincre,2026-060,9,2026-183,Argumenter a l'ecrit,argumenter-a-lecrit,02_Fonds/Culture,https://le-phare.info/argumenter-a-lecrit/,2026-183_FOND_CULTURE_Argumenter-lcrit_V1.md,non
3,Apprendre a argumenter et a convaincre,2026-060,10,2026-182,Argumenter en situation complexe,argumenter-en-situation-complexe,02_Fonds/Culture,https://le-phare.info/argumenter-en-situation-complexe/,2026-182_FOND_CULTURE_Argumenter-en-situation-complexe_V1.md,non
4,Approfondir un ou plusieurs domaines d'expertise,2026-061,0,2026-061,Hub etape 4,etape-4-approfondir-un-ou-plusieurs-domaines-dexpertise,05_Sentier/Culture,https://le-phare.info/etape-4-approfondir-un-ou-plusieurs-domaines-dexpertise/,2026-061_SENTIER_CULTURE_Approfondissement_V1.md,non
4,Approfondir un ou plusieurs domaines d'expertise,2026-061,1,2026-181,Choisir son domaine d'expertise,choisir-son-domaine-dexpertise-trouver-son-territoire-de-savoir,02_Fonds/Culture,https://le-phare.info/choisir-son-domaine-dexpertise-trouver-son-territoire-de-savoir/,2026-181_FOND_CULTURE_Choisir-son-domaine-dexpertise-trouver-son-territoire-de-savoir_V1.md,non
4,Approfondir un ou plusieurs domaines d'expertise,2026-061,2,2026-180,Les etapes de l'apprentissage approfondi,les-etapes-de-lapprentissage-approfondi-du-novice-a-lexpert,02_Fonds/Culture,https://le-phare.info/les-etapes-de-lapprentissage-approfondi-du-novice-a-lexpert/,2026-180_FOND_CULTURE_Les-tapes-de-lapprentissage-approfondi-du-novice-lexpert_V1.md,non
4,Approfondir un ou plusieurs domaines d'expertise,2026-061,3,2026-179,Lire les textes fondateurs,lire-les-textes-fondateurs-senraciner-dans-la-profondeur-dun-savoir,02_Fonds/Culture,https://le-phare.info/lire-les-textes-fondateurs-senraciner-dans-la-profondeur-dun-savoir/,2026-179_FOND_CULTURE_Lire-les-textes-fondateurs-senraciner-dans-la-profondeur-dun-savoir_V1.md,non
4,Approfondir un ou plusieurs domaines d'expertise,2026-061,4,2026-178,Cartographier un champ de savoir,cartographier-un-champ-de-savoir-se-reperer-dans-la-complexite,02_Fonds/Culture,https://le-phare.info/cartographier-un-champ-de-savoir-se-reperer-dans-la-complexite/,2026-178_FOND_CULTURE_Cartographier-un-champ-de-savoir-se-reprer-dans-la-complexit_V1.md,non
4,Approfondir un ou plusieurs domaines d'expertise,2026-061,5,2026-177,Reperer les controverses structurantes,reperer-les-controverses-structurantes-comprendre-un-domaine-par-ses-debats,02_Fonds/Culture,https://le-phare.info/reperer-les-controverses-structurantes-comprendre-un-domaine-par-ses-debats/,2026-177_FOND_CULTURE_Reprer-les-controverses-structurantes-comprendre-un-domaine-par-ses-db_V1.md,non
4,Approfondir un ou plusieurs domaines d'expertise,2026-061,6,2026-176,Dialoguer avec les experts,dialoguer-avec-les-experts-apprendre-au-contact-des-maitres,02_Fonds/Technologie_IA,https://le-phare.info/dialoguer-avec-les-experts-apprendre-au-contact-des-maitres/,2026-176_FOND_CULTURE_Dialoguer-avec-les-experts-apprendre-au-contact-des-matres_V1.md,non
4,Approfondir un ou plusieurs domaines d'expertise,2026-061,7,2026-175,Pratiquer la recherche personnelle,pratiquer-la-recherche-personnelle-devenir-acteur-du-savoir,02_Fonds/Culture,https://le-phare.info/pratiquer-la-recherche-personnelle-devenir-acteur-du-savoir/,2026-175_FOND_CULTURE_Pratiquer-la-recherche-personnelle-devenir-acteur-du-savoir_V1.md,non
4,Approfondir un ou plusieurs domaines d'expertise,2026-061,8,2026-174,Relier expertise et culture generale,relier-expertise-et-culture-generale-lart-du-va-et-vient-intellectuel,02_Fonds/Culture,https://le-phare.info/relier-expertise-et-culture-generale-lart-du-va-et-vient-intellectuel/,2026-174_FOND_CULTURE_Relier-expertise-et-culture-gnrale-lart-du-va-et-vient-intellectuel_V1.md,non
4,Approfondir un ou plusieurs domaines d'expertise,2026-061,9,2026-173,Apprendre a vulgariser son domaine,vulgariser-son-domaine-rendre-le-savoir-vivant-et-accessible,02_Fonds/Culture,https://le-phare.info/vulgariser-son-domaine-rendre-le-savoir-vivant-et-accessible/,2026-173_FOND_CULTURE_Vulgariser-son-domaine-rendre-le-savoir-vivant-et-accessible_V1.md,non
4,Approfondir un ou plusieurs domaines d'expertise,2026-061,10,2026-172,Construire une trajectoire d'expertise vivante,construire-une-trajectoire-dexpertise-vivante-apprendre-toute-sa-vie-sans-senfermer,02_Fonds/Culture,https://le-phare.info/construire-une-trajectoire-dexpertise-vivante-apprendre-toute-sa-vie-sans-senfermer/,2026-172_FOND_CULTURE_Construire-une-trajectoire-dexpertise-vivante-apprendre-toute-sa-vie-s_V1.md,non
5,Devenir polyglotte et cosmopolite,2026-062,0,2026-062,Hub etape 5,etape-4-devenir-polyglotte-et-cosmopolite,05_Sentier/Culture,https://le-phare.info/etape-4-devenir-polyglotte-et-cosmopolite/,2026-062_SENTIER_CULTURE_Langues_V1.md,non
5,Devenir polyglotte et cosmopolite,2026-062,1,2026-171,Pourquoi apprendre plusieurs langues ?,pourquoi-apprendre-plusieurs-langues,02_Fonds/Culture,https://le-phare.info/pourquoi-apprendre-plusieurs-langues/,2026-171_FOND_CULTURE_Pourquoi-apprendre-plusieurs-langues_V1.md,non
5,Devenir polyglotte et cosmopolite,2026-062,2,2026-170,Langue et pensee,langue-et-pensee-comment-les-mots-faconnent-nos-idees,02_Fonds/Culture,https://le-phare.info/langue-et-pensee-comment-les-mots-faconnent-nos-idees/,2026-170_FOND_CULTURE_Langue-et-pense-comment-les-mots-faonnent-nos-ides_V1.md,non
5,Devenir polyglotte et cosmopolite,2026-062,3,2026-169,Methodes modernes d'apprentissage des langues,methodes-modernes-dapprentissage-des-langues-entre-science-technologie-et-immersion,02_Fonds/Science_Sante,https://le-phare.info/methodes-modernes-dapprentissage-des-langues-entre-science-technologie-et-immersion/,2026-169_FOND_CULTURE_Mthodes-modernes-dapprentissage-des-langues-entre-science-technologie_V1.md,non
5,Devenir polyglotte et cosmopolite,2026-062,4,2026-168,Apprendre en contexte (immersion),apprendre-en-contexte-immersion-voyages-communautes,02_Fonds/Culture,https://le-phare.info/apprendre-en-contexte-immersion-voyages-communautes/,2026-168_FOND_CULTURE_Apprendre-en-contexte-immersion-voyages-communauts_V1.md,non
5,Devenir polyglotte et cosmopolite,2026-062,5,2026-167,La memoire et les langues,la-memoire-et-les-langues-techniques-de-retention,02_Fonds/Technologie_IA,https://le-phare.info/la-memoire-et-les-langues-techniques-de-retention/,2026-167_FOND_CULTURE_La-mmoire-et-les-langues-techniques-de-rtention_V1.md,non
5,Devenir polyglotte et cosmopolite,2026-062,6,2026-166,Polyglottes celebres,polyglottes-celebres-et-lecons-derudition,02_Fonds/Culture,https://le-phare.info/polyglottes-celebres-et-lecons-derudition/,2026-166_FOND_CULTURE_Polyglottes-clbres-et-leons-drudition_V1.md,non
5,Devenir polyglotte et cosmopolite,2026-062,7,2026-165,Langues en danger,langues-en-danger-pourquoi-les-preserver,02_Fonds/Culture,https://le-phare.info/langues-en-danger-pourquoi-les-preserver/,2026-165_FOND_CULTURE_Langues-en-danger-pourquoi-les-prserver_V1.md,non
5,Devenir polyglotte et cosmopolite,2026-062,8,2026-164,Traduire : un art et une science,traduire-un-art-et-une-science,02_Fonds/Science_Sante,https://le-phare.info/traduire-un-art-et-une-science/,2026-164_FOND_CULTURE_Traduire-un-art-et-une-science_V1.md,non
5,Devenir polyglotte et cosmopolite,2026-062,9,2026-163,Langues et pouvoir,langues-et-pouvoir-la-geopolitique-linguistique,02_Fonds/Politique_Societe,https://le-phare.info/langues-et-pouvoir-la-geopolitique-linguistique/,2026-163_FOND_CULTURE_Langues-et-pouvoir-la-gopolitique-linguistique_V1.md,non
5,Devenir polyglotte et cosmopolite,2026-062,10,2026-162,Construire son parcours polyglotte,construire-son-parcours-polyglotte,02_Fonds/Culture,https://le-phare.info/construire-son-parcours-polyglotte/,2026-162_FOND_CULTURE_Construire-son-parcours-polyglotte_V1.md,non
6,Comprendre la methode scientifique et experimenter,2026-063,0,2026-063,Hub etape 6,etape-6-comprendre-la-methode-scientifique-et-experimenter,05_Sentier/Science,https://le-phare.info/etape-6-comprendre-la-methode-scientifique-et-experimenter/,2026-063_SENTIER_SCIENCE_Science_V1.md,non
6,Comprendre la methode scientifique et experimenter,2026-063,1,2026-364,Qu'est-ce que la methode scientifique ?,quest-ce-que-la-methode-scientifique,05_Sentier/Etape_06_Methode_scientifique,,,manquant
6,Comprendre la methode scientifique et experimenter,2026-063,2,2026-160,Experimenter : de Galilee a aujourd'hui,experimenter-de-galilee-a-aujourdhui,05_Sentier/Science,https://le-phare.info/experimenter-de-galilee-a-aujourdhui/,2026-160_SENTIER_SCIENCE_Exprimenter-de-Galile-aujourdhui_V1.md,non
6,Comprendre la methode scientifique et experimenter,2026-063,3,2026-159,Statistiques correlations et causalite,statistiques-correlations-et-causalite,05_Sentier/Science,https://le-phare.info/statistiques-correlations-et-causalite/,2026-159_SENTIER_SCIENCE_Statistiques-corrlations-et-causalit_V1.md,non
6,Comprendre la methode scientifique et experimenter,2026-063,4,2026-158,Biais cognitifs et illusions de savoir,biais-cognitifs-et-illusions-de-savoir,05_Sentier/Science,https://le-phare.info/biais-cognitifs-et-illusions-de-savoir/,2026-158_SENTIER_SCIENCE_Biais-cognitifs-et-illusions-de-savoir_V1.md,non
6,Comprendre la methode scientifique et experimenter,2026-063,5,2026-157,Lire un article scientifique,lire-un-article-scientifique,05_Sentier/Science,https://le-phare.info/lire-un-article-scientifique/,2026-157_SENTIER_SCIENCE_Lire-un-article-scientifique_V1.md,non
6,Comprendre la methode scientifique et experimenter,2026-063,6,2026-156,Sciences experimentales vs sciences humaines,sciences-experimentales-vs-sciences-humaines,05_Sentier/Science,https://le-phare.info/sciences-experimentales-vs-sciences-humaines/,2026-156_SENTIER_SCIENCE_Sciences-exprimentales-vs-sciences-humaines_V1.md,non
6,Comprendre la methode scientifique et experimenter,2026-063,7,2026-155,La science dans l'histoire,la-science-dans-lhistoire,05_Sentier/Science,https://le-phare.info/la-science-dans-lhistoire/,2026-155_SENTIER_SCIENCE_La-science-dans-lhistoire_V1.md,non
6,Comprendre la methode scientifique et experimenter,2026-063,8,2026-154,Science et societe,science-et-societe,05_Sentier/Science,https://le-phare.info/science-et-societe/,2026-154_SENTIER_SCIENCE_Science-et-socit_V1.md,non
6,Comprendre la methode scientifique et experimenter,2026-063,9,2026-153,La falsifiabilite selon Popper,la-falsifiabilite-selon-popper,05_Sentier/Science,https://le-phare.info/la-falsifiabilite-selon-popper/,2026-153_SENTIER_SCIENCE_La-falsifiabilit-selon-Popper_V1.md,non
6,Comprendre la methode scientifique et experimenter,2026-063,10,2026-152,La pratique personnelle de l'experimentation,la-pratique-personnelle-de-lexperimentation,05_Sentier/Science,https://le-phare.info/la-pratique-personnelle-de-lexperimentation/,2026-152_SENTIER_SCIENCE_La-pratique-personnelle-de-lexprimentation_V1.md,non
7,Ecrire transmettre enseigner,2026-064,0,2026-064,Hub etape 7,etape-5-ecrire-et-transmettre-du-savoir,05_Sentier/Culture,https://le-phare.info/etape-5-ecrire-et-transmettre-du-savoir/,2026-064_SENTIER_CULTURE_Transmission_V1.md,non
7,Ecrire transmettre enseigner,2026-064,1,2026-151,Ecrire pour clarifier sa pensee,ecrire-pour-clarifier-sa-pensee,02_Fonds/Culture,https://le-phare.info/ecrire-pour-clarifier-sa-pensee/,2026-151_FOND_CULTURE_crire-pour-clarifier-sa-pense_V1.md,non
7,Ecrire transmettre enseigner,2026-064,2,2026-150,Les genres de l'ecriture savante,les-genres-de-lecriture-savante,02_Fonds/Culture,https://le-phare.info/les-genres-de-lecriture-savante/,2026-150_FOND_CULTURE_Les-genres-de-lcriture-savante_V1.md,non
7,Ecrire transmettre enseigner,2026-064,3,2026-149,La vulgarisation : simplifier sans trahir,la-vulgarisation-lart-de-simplifier-sans-trahir,02_Fonds/Culture,https://le-phare.info/la-vulgarisation-lart-de-simplifier-sans-trahir/,2026-149_FOND_CULTURE_La-vulgarisation-lart-de-simplifier-sans-trahir_V1.md,non
7,Ecrire transmettre enseigner,2026-064,4,2026-148,L'art de la transmission orale,lart-de-la-transmission-orale,02_Fonds/Culture,https://le-phare.info/lart-de-la-transmission-orale/,2026-148_FOND_CULTURE_Lart-de-la-transmission-orale_V1.md,non
7,Ecrire transmettre enseigner,2026-064,5,2026-147,Les methodes pedagogiques essentielles,les-methodes-pedagogiques-essentielles,02_Fonds/Culture,https://le-phare.info/les-methodes-pedagogiques-essentielles/,2026-147_FOND_CULTURE_Les-mthodes-pdagogiques-essentielles_V1.md,non
7,Ecrire transmettre enseigner,2026-064,6,2026-146,Apprendre en enseignant,apprendre-en-enseignant,02_Fonds/Culture,https://le-phare.info/apprendre-en-enseignant/,2026-146_FOND_CULTURE_Apprendre-en-enseignant_V1.md,non
7,Ecrire transmettre enseigner,2026-064,7,2026-145,Raconter une histoire pour transmettre,raconter-une-histoire-pour-transmettre,02_Fonds/Culture,https://le-phare.info/raconter-une-histoire-pour-transmettre/,2026-145_FOND_CULTURE_Raconter-une-histoire-pour-transmettre_V1.md,non
7,Ecrire transmettre enseigner,2026-064,8,2026-143,Ecrire et transmettre a l'ere numerique,ecrire-et-transmettre-a-lere-numerique,02_Fonds/Technologie_IA,https://le-phare.info/ecrire-et-transmettre-a-lere-numerique/,2026-143_FOND_CULTURE_crire-et-transmettre-lre-numrique_V1.md,non
7,Ecrire transmettre enseigner,2026-064,9,2026-142,Transmettre entre cultures et generations,transmettre-entre-cultures-et-generations,02_Fonds/Culture,https://le-phare.info/transmettre-entre-cultures-et-generations/,2026-142_FOND_CULTURE_Transmettre-entre-cultures-et-gnrations_V1.md,non
7,Ecrire transmettre enseigner,2026-064,10,2026-141,Construire une pratique durable de transmission,construire-une-pratique-durable-de-transmission,02_Fonds/Culture,https://le-phare.info/construire-une-pratique-durable-de-transmission/,2026-141_FOND_CULTURE_Construire-une-pratique-durable-de-transmission_V1.md,non
8,Relier les savoirs et vision du monde,2026-065,0,2026-065,Hub etape 8,etape-7-frequenter-dautres-marcheurs-du-savoir,05_Sentier/Culture,https://le-phare.info/etape-7-frequenter-dautres-marcheurs-du-savoir/,2026-065_SENTIER_CULTURE_Vision_V1.md,non
8,Relier les savoirs et vision du monde,2026-065,1,2026-140,Pourquoi relier les savoirs ?,pourquoi-relier-les-savoirs,02_Fonds/Culture,https://le-phare.info/pourquoi-relier-les-savoirs/,2026-140_FOND_CULTURE_Pourquoi-relier-les-savoirs_V1.md,non
8,Relier les savoirs et vision du monde,2026-065,2,2026-138,Sciences lettres arts : frontieres a depasser,sciences-lettres-arts-des-frontieres-a-depasser,02_Fonds/Science_Sante,https://le-phare.info/sciences-lettres-arts-des-frontieres-a-depasser/,2026-138_FOND_CULTURE_Sciences-lettres-arts-des-frontires-dpasser_V1.md,non
8,Relier les savoirs et vision du monde,2026-065,3,2026-137,Les grands recits fondateurs de l'humanite,les-grands-recits-fondateurs-de-lhumanite,02_Fonds/Culture,https://le-phare.info/les-grands-recits-fondateurs-de-lhumanite/,2026-137_FOND_CULTURE_Les-grands-rcits-fondateurs-de-lhumanit_V1.md,non
8,Relier les savoirs et vision du monde,2026-065,4,2026-136,La pensee systemique,la-pensee-systemique,02_Fonds/Culture,https://le-phare.info/la-pensee-systemique/,2026-136_FOND_CULTURE_La-pense-systmique_V1.md,non
8,Relier les savoirs et vision du monde,2026-065,5,2026-135,Cartes mentales et frises du savoir,cartes-mentales-et-frises-du-savoir,02_Fonds/Culture,https://le-phare.info/cartes-mentales-et-frises-du-savoir/,2026-135_FOND_CULTURE_Cartes-mentales-et-frises-du-savoir_V1.md,non
8,Relier les savoirs et vision du monde,2026-065,6,2026-134,Dialogue entre cultures et civilisations,dialogue-entre-cultures-et-civilisations,02_Fonds/Technologie_IA,https://le-phare.info/dialogue-entre-cultures-et-civilisations/,2026-134_FOND_CULTURE_Dialogue-entre-cultures-et-civilisations_V1.md,non
8,Relier les savoirs et vision du monde,2026-065,7,2026-133,Les metaphores qui structurent notre pensee,les-metaphores-qui-structurent-notre-pensee,02_Fonds/Culture,https://le-phare.info/les-metaphores-qui-structurent-notre-pensee/,2026-133_FOND_CULTURE_Les-mtaphores-qui-structurent-notre-pense_V1.md,non
8,Relier les savoirs et vision du monde,2026-065,8,2026-132,Ecologie des savoirs,ecologie-des-savoirs,02_Fonds/Climat_Transition,https://le-phare.info/ecologie-des-savoirs/,2026-132_FOND_CULTURE_cologie-des-savoirs_V1.md,non
8,Relier les savoirs et vision du monde,2026-065,9,2026-131,Vers une vision personnelle du monde,vers-une-vision-personnelle-du-monde,02_Fonds/Culture,https://le-phare.info/vers-une-vision-personnelle-du-monde/,2026-131_FOND_CULTURE_Vers-une-vision-personnelle-du-monde_V1.md,non
8,Relier les savoirs et vision du monde,2026-065,10,,Erudition et sagesse : relier pour mieux vivre,,ABSENT_DEPOT,,,manquant
9,Cultiver l'equilibre corps-esprit,2026-066,0,2026-066,Hub etape 9,etape-8-prendre-soin-de-son-corps-et-de-son-esprit,05_Sentier/Equilibre,https://le-phare.info/etape-8-prendre-soin-de-son-corps-et-de-son-esprit/,2026-066_SENTIER_CULTURE_quilibre_V1.md,non
9,Cultiver l'equilibre corps-esprit,2026-066,1,2026-129,Nutrition et cognition,nutrition-et-cognition-comment-lalimentation-nourrit-la-pensee,05_Sentier/Equilibre,https://le-phare.info/nutrition-et-cognition-comment-lalimentation-nourrit-la-pensee/,2026-129_SENTIER_CULTURE_Nutrition-et-cognition-comment-lalimentation-nourrit-la-pense_V1.md,non
9,Cultiver l'equilibre corps-esprit,2026-066,2,2026-128,Le sommeil comme allie de la memoire,le-sommeil-comme-allie-de-la-memoire,05_Sentier/Equilibre,https://le-phare.info/le-sommeil-comme-allie-de-la-memoire/,2026-128_SENTIER_CULTURE_Le-sommeil-comme-alli-de-la-mmoire_V1.md,non
9,Cultiver l'equilibre corps-esprit,2026-066,3,2026-127,Le mouvement pour l'esprit,le-mouvement-pour-lesprit-pourquoi-lactivite-physique-nourrit-lintellect,05_Sentier/Equilibre,https://le-phare.info/le-mouvement-pour-lesprit-pourquoi-lactivite-physique-nourrit-lintellect/,2026-127_SENTIER_CULTURE_Le-mouvement-pour-lesprit-pourquoi-lactivit-physique-nourrit-lintellec_V1.md,non
9,Cultiver l'equilibre corps-esprit,2026-066,4,2026-126,Meditation et pleine conscience,meditation-et-pleine-conscience-cultiver-la-clarte-interieure,05_Sentier/Equilibre,https://le-phare.info/meditation-et-pleine-conscience-cultiver-la-clarte-interieure/,2026-126_SENTIER_CULTURE_Mditation-et-pleine-conscience-cultiver-la-clart-intrieure_V1.md,non
9,Cultiver l'equilibre corps-esprit,2026-066,5,2026-125,Gestion des emotions et resilience,gestion-des-emotions-et-resilience-lequilibre-interieur-au-service-de-lerudition,05_Sentier/Equilibre,https://le-phare.info/gestion-des-emotions-et-resilience-lequilibre-interieur-au-service-de-lerudition/,2026-125_SENTIER_CULTURE_Gestion-des-motions-et-rsilience-lquilibre-intrieur-au-service-de-lrud_V1.md,non
9,Cultiver l'equilibre corps-esprit,2026-066,6,2026-124,Hygiene numerique et attention,hygiene-numerique-et-attention-preserver-la-concentration-a-lere-des-ecrans,05_Sentier/Equilibre,https://le-phare.info/hygiene-numerique-et-attention-preserver-la-concentration-a-lere-des-ecrans/,2026-124_SENTIER_CULTURE_Hygine-numrique-et-attention-prserver-la-concentration-lre-des-crans_V1.md,non
9,Cultiver l'equilibre corps-esprit,2026-066,7,2026-123,Rituels quotidiens des grands penseurs,rituels-quotidiens-des-grands-penseurs-quand-lhabitude-nourrit-lerudition,05_Sentier/Equilibre,https://le-phare.info/rituels-quotidiens-des-grands-penseurs-quand-lhabitude-nourrit-lerudition/,2026-123_SENTIER_CULTURE_Rituels-quotidiens-des-grands-penseurs-quand-lhabitude-nourrit-lruditi_V1.md,non
9,Cultiver l'equilibre corps-esprit,2026-066,8,2026-122,Art du rythme et discipline personnelle,art-du-rythme-et-discipline-personnelle-trouver-lequilibre-entre-rigueur-et-souplesse,05_Sentier/Equilibre,https://le-phare.info/art-du-rythme-et-discipline-personnelle-trouver-lequilibre-entre-rigueur-et-souplesse/,2026-122_SENTIER_CULTURE_Art-du-rythme-et-discipline-personnelle-trouver-lquilibre-entre-rigueu_V1.md,non
9,Cultiver l'equilibre corps-esprit,2026-066,9,2026-121,Corps-esprit et philosophies du bien-vivre,corps-esprit-et-philosophies-du-bien-vivre-traditions-pour-une-erudition-equilibree,05_Sentier/Equilibre,https://le-phare.info/corps-esprit-et-philosophies-du-bien-vivre-traditions-pour-une-erudition-equilibree/,2026-121_SENTIER_CULTURE_Corps-esprit-et-philosophies-du-bien-vivre-traditions-pour-une-ruditio_V1.md,non
9,Cultiver l'equilibre corps-esprit,2026-066,10,2026-120,Construire son programme personnel d'equilibre,construire-son-programme-personnel-dequilibre-une-methode-pour-durer-dans-lerudition,05_Sentier/Equilibre,https://le-phare.info/construire-son-programme-personnel-dequilibre-une-methode-pour-durer-dans-lerudition/,2026-120_SENTIER_CULTURE_Construire-son-programme-personnel-dquilibre-une-mthode-pour-durer-dan_V1.md,non
