id,count,slug,name
43,31,article-en-construction,Article en construction
44,40,a-la-une,A la une
45,4,offres-commerciales,Offres commerciales
46,2,charte,Charte
47,25,article-long-genere,Article long généré
49,0,brainstorming,Brainstorming
50,2,decryptage,Décryptage
52,1,vos-questions,Vos questions
67,0,article-seo-optimise,Article SEO optimisé
68,0,article-intro-optimise,Article intro optimisé
69,2,article-avec-liens-externes,Article avec liens externes
70,2,article-avec-liens-internes,Article avec liens internes
71,0,article-avec-appel-a-contribution-optimise,Article avec appel à contribution optimisé
90,5,articles-fondateurs,Articles fondateurs
92,2,articles-sentier-du-savoir,Articles sentier du savoir
104,6,hygiene-de-vie-et-cognition,Hygiène de vie et cognition
105,6,le-phare-info,le phare info
112,9,dimensions-transversales,Dimensions transversales
113,1,cycle-a-la-une,cycle à la une
126,0,inflation,inflation
127,2,europe,europe
128,0,pedagogie,pedagogie
129,0,structure,structure
130,0,biais,biais
131,0,perception,perception
132,0,concept,concept
133,0,salaires,salaires
134,0,friedman,friedman
135,0,monnaie,monnaie
136,0,histoire,histoire
137,2,pensee-critique,pensee-critique
138,0,questions-ouvertes,questions-ouvertes
139,0,ressources,ressources
142,0,guerre-iraniennes,guerre-iraniennes
143,0,politique-internationale,politique-internationale
144,0,tensions-regionales,tensions-regionales
147,0,diplomatie-israel-iran,diplomatie-israel-iran
148,0,politique-et-etrangere,politique-et-etrangere
149,0,fondements-diplomatiques,fondements-diplomatiques
152,0,conflits-historiques,conflits-historiques
153,0,histoire-politique,histoire-politique
155,0,iran,iran
156,0,petrole,petrole
157,0,chine,chine
159,0,role,role
160,0,puissances,puissances
161,0,influence,influence
163,0,alliance,alliance
164,0,economie-mondiale,economie-mondiale
166,0,guerre-usa-israel-iran,guerre-usa-israel-iran
167,0,contexte-historique,contexte-historique
168,0,geopolitique,geopolitique
170,0,ormuz,ormuz
171,0,etats-unis,etats-unis
172,0,geopolitique-energie,geopolitique-energie
174,4,crise-energetique,crise-energetique
175,4,electrification,electrification
176,2,vaclav-smil,vaclav-smil
177,2,transition-energetique,transition-energetique
179,2,court-terme,court-terme
180,0,donald-trump,donald-trump
181,0,droit-maritime,droit-maritime
182,0,puissance-navale,puissance-navale
183,0,blocus-maritime,blocus-maritime
184,0,escalade,escalade
185,0,trump,trump
186,0,histoire-internationale,histoire-internationale
187,0,droit-de-la-mer,droit-de-la-mer
189,0,relations-internationales,relations-internationales
190,0,choc-petrolier,choc-petrolier
191,0,inflation-importee,inflation-importee
193,0,sentier,Sentier
194,0,economie,Economie
